"tusk","year_conc","year","age","age_conc"
"841",NA,1974,0,NA
"841",NA,1975,1,NA
"841",NA,1976,2,NA
"841",NA,1977,3,NA
"841",NA,1978,4,NA
"841",NA,1979,5,NA
"841",NA,1980,6,NA
"841",NA,1981,7,NA
"841",NA,1982,8,NA
"841",NA,1983,9,NA
"841",NA,1984,10,NA
"841",NA,1985,11,NA
"841",NA,1986,12,NA
"841",NA,1987,13,NA
"841",NA,1988,14,NA
"841",NA,1989,15,NA
"841",NA,1990,16,NA
"841",NA,1991,17,NA
"841",NA,1992,18,NA
"841",NA,1993,19,NA
"841",NA,1994,20,NA
"841",NA,1995,21,NA
"841",NA,1996,22,NA
"841",NA,1997,23,NA
"841",NA,1998,24,NA
"841",NA,1999,25,NA
"841",NA,2000,26,NA
"841",NA,2001,27,NA
"841",NA,2002,28,NA
"841",NA,2003,29,NA
"841",NA,2004,30,NA
"841",NA,2005,31,NA
"841",NA,2006,32,NA
"841",NA,2007,33,NA
"841",NA,2008,34,NA
"888",NA,1989,0,NA
"888",NA,1990,1,NA
"888",NA,1991,2,NA
"888",NA,1992,3,NA
"888",NA,1993,4,NA
"888",NA,1994,5,NA
"888",NA,1995,6,NA
"888",NA,1996,7,NA
"888",NA,1997,8,NA
"888",NA,1998,9,NA
"888",NA,1999,10,NA
"888",NA,2000,11,NA
"888",NA,2001,12,NA
"888",NA,2002,13,NA
"888",NA,2003,14,NA
"888",NA,2004,15,NA
"888",NA,2005,16,NA
"888",NA,2006,17,NA
"888",NA,2007,18,NA
"888",NA,2008,19,NA
"888",NA,2009,20,NA
"925",NA,1970,0,NA
"925",NA,1971,1,NA
"925",NA,1972,2,NA
"925",NA,1973,3,NA
"925",NA,1974,4,NA
"925",NA,1975,5,NA
"925",NA,1976,6,NA
"925",NA,1977,7,NA
"925",NA,1978,8,NA
"925",NA,1979,9,NA
"925",NA,1980,10,NA
"925",NA,1981,11,NA
"925",NA,1982,12,NA
"925",NA,1983,13,NA
"925",NA,1984,14,NA
"925",NA,1985,15,NA
"925",NA,1986,16,NA
"925",NA,1987,17,NA
"925",NA,1988,18,NA
"925",NA,1989,19,NA
"925",NA,1990,20,NA
"925",NA,1991,21,NA
"925",NA,1992,22,NA
"925",NA,1993,23,NA
"925",NA,1994,24,NA
"925",NA,1995,25,NA
"925",NA,1996,26,NA
"925",NA,1997,27,NA
"925",NA,1998,28,NA
"925",NA,1999,29,NA
"925",NA,2000,30,NA
"925",NA,2001,31,NA
"925",NA,2002,32,NA
"925",NA,2003,33,NA
"925",NA,2004,34,NA
"925",NA,2005,35,NA
"925",NA,2006,36,NA
"925",NA,2007,37,NA
"925",NA,2008,38,NA
"925",NA,2009,39,NA
"925",NA,2010,40,NA
"925",NA,2011,41,NA
"925",NA,2012,42,NA
"925",NA,2013,43,NA
"925",NA,2014,44,NA
"925",NA,2015,45,NA
"925",NA,2016,46,NA
"929",NA,1981,0,NA
"929",NA,1982,1,NA
"929",NA,1983,2,NA
"929",NA,1984,3,NA
"929",NA,1985,4,NA
"929",NA,1986,5,NA
"929",NA,1987,6,NA
"929",NA,1988,7,NA
"929",NA,1989,8,NA
"929",NA,1990,9,NA
"929",NA,1991,10,NA
"929",NA,1992,11,NA
"929",NA,1993,12,NA
"929",NA,1994,13,NA
"929",NA,1995,14,NA
"929",NA,1996,15,NA
"929",NA,1997,16,NA
"929",NA,1998,17,NA
"929",NA,1999,18,NA
"929",NA,2000,19,NA
"929",NA,2001,20,NA
"929",NA,2002,21,NA
"929",NA,2003,22,NA
"929",NA,2004,23,NA
"929",NA,2005,24,NA
"929",NA,2006,25,NA
"929",NA,2007,26,NA
"929",NA,2008,27,NA
"929",NA,2009,28,NA
"929",NA,2010,29,NA
"929",NA,2011,30,NA
"929",NA,2012,31,NA
"929",NA,2013,32,NA
"929",NA,2014,33,NA
"929",NA,2015,34,NA
"929",NA,2016,35,NA
"938",NA,1975,4,NA
"938",NA,1976,5,NA
"938",NA,1977,6,NA
"938",NA,1978,7,NA
"938",NA,1979,8,NA
"938",NA,1980,9,NA
"938",NA,1981,10,NA
"938",NA,1982,11,NA
"938",NA,1983,12,NA
"938",NA,1984,13,NA
"938",NA,1985,14,NA
"938",NA,1986,15,NA
"938",NA,1987,16,NA
"938",NA,1988,17,NA
"938",NA,1989,18,NA
"938",NA,1990,19,NA
"938",NA,1991,20,NA
"938",NA,1992,21,NA
"938",NA,1993,22,NA
"938",NA,1994,23,NA
"938",NA,1995,24,NA
"938",NA,1996,25,NA
"938",NA,1997,26,NA
"938",NA,1998,27,NA
"938",NA,1999,28,NA
"938",NA,2000,29,NA
"938",NA,2001,30,NA
"938",NA,2002,31,NA
"938",NA,2003,32,NA
"938",NA,2004,33,NA
"938",NA,2005,34,NA
"938",NA,2006,35,NA
"938",NA,2007,36,NA
"938",NA,2008,37,NA
"938",NA,2009,38,NA
"938",NA,2010,39,NA
"938",NA,2011,40,NA
"938",NA,2012,41,NA
"938",NA,2013,42,NA
"938",NA,2014,43,NA
"938",NA,2015,44,NA
"938",NA,2016,45,NA
"938",NA,2017,46,NA
"951",NA,1992,0,NA
"951",NA,1993,1,NA
"951",NA,1994,2,NA
"951",NA,1995,3,NA
"951",NA,1996,4,NA
"951",NA,1997,5,NA
"951",NA,1998,6,NA
"951",NA,1999,7,NA
"951",NA,2000,8,NA
"951",NA,2001,9,NA
"951",NA,2002,10,NA
"951",NA,2003,11,NA
"951",NA,2004,12,NA
"951",NA,2005,13,NA
"951",NA,2006,14,NA
"951",NA,2007,15,NA
"951",NA,2008,16,NA
"953",NA,1979,0,NA
"953",NA,1980,1,NA
"953",NA,1981,2,NA
"953",NA,1982,3,NA
"953",NA,1983,4,NA
"953",NA,1984,5,NA
"953",NA,1985,6,NA
"953",NA,1986,7,NA
"953",NA,1987,8,NA
"953",NA,1988,9,NA
"953",NA,1989,10,NA
"953",NA,1990,11,NA
"953",NA,1991,12,NA
"953",NA,1992,13,NA
"953",NA,1993,14,NA
"953",NA,1994,15,NA
"953",NA,1995,16,NA
"953",NA,1996,17,NA
"953",NA,1997,18,NA
"953",NA,1998,19,NA
"953",NA,1999,20,NA
"953",NA,2000,21,NA
"953",NA,2001,22,NA
"953",NA,2002,23,NA
"953",NA,2003,24,NA
"953",NA,2004,25,NA
"953",NA,2005,26,NA
"953",NA,2006,27,NA
"953",NA,2007,28,NA
"953",NA,2008,29,NA
"956",NA,1969,0,NA
"956",NA,1970,1,NA
"956",NA,1971,2,NA
"956",NA,1972,3,NA
"956",NA,1973,4,NA
"956",NA,1974,5,NA
"956",NA,1975,6,NA
"956",NA,1976,7,NA
"956",NA,1977,8,NA
"956",NA,1978,9,NA
"956",NA,1979,10,NA
"956",NA,1980,11,NA
"956",NA,1981,12,NA
"956",NA,1982,13,NA
"956",NA,1983,14,NA
"956",NA,1984,15,NA
"956",NA,1985,16,NA
"956",NA,1986,17,NA
"956",NA,1987,18,NA
"956",NA,1988,19,NA
"956",NA,1989,20,NA
"956",NA,1990,21,NA
"956",NA,1991,22,NA
"956",NA,1992,23,NA
"956",NA,1993,24,NA
"956",NA,1994,25,NA
"956",NA,1995,26,NA
"956",NA,1996,27,NA
"956",NA,1997,28,NA
"956",NA,1998,29,NA
"956",NA,1999,30,NA
"956",NA,2000,31,NA
"956",NA,2001,32,NA
"956",NA,2002,33,NA
"956",NA,2003,34,NA
"956",NA,2004,35,NA
"956",NA,2005,36,NA
"956",NA,2006,37,NA
"956",NA,2007,38,NA
"956",NA,2008,39,NA
"956",NA,2009,40,NA
"956",NA,2010,41,NA
"974",NA,1981,0,NA
"974",NA,1982,1,NA
"974",NA,1983,2,NA
"974",NA,1984,3,NA
"974",NA,1985,4,NA
"974",NA,1986,5,NA
"974",NA,1987,6,NA
"974",NA,1988,7,NA
"974",NA,1989,8,NA
"974",NA,1990,9,NA
"974",NA,1991,10,NA
"974",NA,1992,11,NA
"974",NA,1993,12,NA
"974",NA,1994,13,NA
"974",NA,1995,14,NA
"974",NA,1996,15,NA
"974",NA,1997,16,NA
"974",NA,1998,17,NA
"974",NA,1999,18,NA
"974",NA,2000,19,NA
"974",NA,2001,20,NA
"974",NA,2002,21,NA
"974",NA,2003,22,NA
"974",NA,2004,23,NA
"974",NA,2005,24,NA
"974",NA,2006,25,NA
"974",NA,2007,26,NA
"974",NA,2008,27,NA
"974",NA,2009,28,NA
"974",NA,2010,29,NA
"1002",NA,2001,0,NA
"1002",NA,2002,1,NA
"1002",NA,2003,2,NA
"1002",NA,2004,3,NA
"1002",NA,2005,4,NA
"1002",NA,2006,5,NA
"1002",NA,2007,6,NA
"1002",NA,2008,7,NA
"1002",NA,2009,8,NA
"1002",NA,2010,9,NA
"1002",NA,2011,10,NA
"1002",NA,2012,11,NA
"1002",NA,2013,12,NA
"1002",NA,2014,13,NA
"1002",NA,2015,14,NA
"1002",NA,2016,15,NA
"1002",NA,2017,16,NA
"1015",NA,1994,0,NA
"1015",NA,1995,1,NA
"1015",NA,1996,2,NA
"1015",NA,1997,3,NA
"1015",NA,1998,4,NA
"1015",NA,1999,5,NA
"1015",NA,2000,6,NA
"1015",NA,2001,7,NA
"1015",NA,2002,8,NA
"1015",NA,2003,9,NA
"1015",NA,2004,10,NA
"1015",NA,2005,11,NA
"1015",NA,2006,12,NA
"1015",NA,2007,13,NA
"1015",NA,2008,14,NA
"1015",NA,2009,15,NA
"1015",NA,2010,16,NA
"1015",NA,2011,17,NA
"1015",NA,2012,18,NA
"1015",NA,2013,19,NA
"1015",NA,2014,20,NA
"1015",NA,2015,21,NA
"1015",NA,2016,22,NA
"1015",NA,2017,23,NA
"1015",NA,2018,24,NA
"1016",NA,2002,0,NA
"1016",NA,2003,1,NA
"1016",NA,2004,2,NA
"1016",NA,2005,3,NA
"1016",NA,2006,4,NA
"1016",NA,2007,5,NA
"1016",NA,2008,6,NA
"1016",NA,2009,7,NA
"1016",NA,2010,8,NA
"1016",NA,2011,9,NA
"1016",NA,2012,10,NA
"1016",NA,2013,11,NA
"1016",NA,2014,12,NA
"1016",NA,2015,13,NA
"1016",NA,2016,14,NA
"1016",NA,2017,15,NA
"1016",NA,2018,16,NA
"4075",NA,1987,0,NA
"4075",NA,1988,1,NA
"4075",NA,1989,2,NA
"4075",NA,1990,3,NA
"4075",NA,1991,4,NA
"4075",NA,1992,5,NA
"4075",NA,1993,6,NA
"4075",NA,1994,7,NA
"4075",NA,1995,8,NA
"4075",NA,1996,9,NA
"4075",NA,1997,10,NA
"4075",NA,1998,11,NA
"4075",NA,1999,12,NA
"4075",NA,2000,13,NA
"4075",NA,2001,14,NA
"4075",NA,2002,15,NA
"4075",NA,2003,16,NA
"4075",NA,2004,17,NA
"4075",NA,2005,18,NA
"4075",NA,2006,19,NA
"4075",NA,2007,20,NA
"4075",NA,2008,21,NA
"4080",NA,1993,0,NA
"4080",NA,1994,1,NA
"4080",NA,1995,2,NA
"4080",NA,1996,3,NA
"4080",NA,1997,4,NA
"4080",NA,1998,5,NA
"4080",NA,1999,6,NA
"4080",NA,2000,7,NA
"4080",NA,2001,8,NA
"4080",NA,2002,9,NA
"4080",NA,2003,10,NA
"4080",NA,2004,11,NA
"4080",NA,2005,12,NA
"4080",NA,2006,13,NA
"4080",NA,2007,14,NA
"4080",NA,2008,15,NA
"4084",NA,1991,0,NA
"4084",NA,1992,1,NA
"4084",NA,1993,2,NA
"4084",NA,1994,3,NA
"4084",NA,1995,4,NA
"4084",NA,1996,5,NA
"4084",NA,1997,6,NA
"4084",NA,1998,7,NA
"4084",NA,1999,8,NA
"4084",NA,2000,9,NA
"4084",NA,2001,10,NA
"4084",NA,2002,11,NA
"4084",NA,2003,12,NA
"4084",NA,2004,13,NA
"4084",NA,2005,14,NA
"4084",NA,2006,15,NA
"4084",NA,2007,16,NA
"4084",NA,2008,17,NA
